antibody,arm1_target,arm1_pdb,arm2_target,arm2_pdb,n_arms
Acapatamab,CD3E,Acapatamab_CD3E_fixed.pdb,FOLH1_GCPII_PSMA,Acapatamab_FOLH1_GCPII_PSMA_fixed.pdb,2
Acasunlimab,PDL1_CD274,Acasunlimab_PDL1_CD274_fixed.pdb,TNFRSF9_CD137_4-1BB,Acasunlimab_TNFRSF9_CD137_4-1BB_fixed.pdb,2
Acimtamig,FCGR3A_CD16_CD16A,Acimtamig_FCGR3A_CD16_CD16A_fixed.pdb,TNFRSF8_CD30,Acimtamig_TNFRSF8_CD30_fixed.pdb,2
Alnuctamab,CD3E,Alnuctamab_CD3E_fixed.pdb,TNFRSF17_CD269_BCMA_TNFRSF13A,Alnuctamab_TNFRSF17_CD269_BCMA_TNFRSF13A_fixed.pdb,2
Amivantamab,EGFR_ERBB1_HER1,Amivantamab_EGFR_ERBB1_HER1_fixed.pdb,MET_HGFR,Amivantamab_MET_HGFR_fixed.pdb,2
Amostomig,IAP_CD47_MER6_OA3,Amostomig_IAP_CD47_MER6_OA3_fixed.pdb,PDL1_CD274,Amostomig_PDL1_CD274_fixed.pdb,2
Anbenitamab_ERBB2_CD340,HER2(DomainII),Anbenitamab_ERBB2_CD340_HER2(DomainII)_fixed.pdb,HER2(DomainIV),Anbenitamab_ERBB2_CD340_HER2(DomainIV)_fixed.pdb,2
Arumakimig,IL18,Arumakimig_IL18_fixed.pdb,IL1B,Arumakimig_IL1B_fixed.pdb,2
Azerutamig,ERBB2_CD340_HER2,Azerutamig_ERBB2_CD340_HER2_fixed.pdb,KLRK1_NKG2D_CD314,Azerutamig_KLRK1_NKG2D_CD314_fixed.pdb,2
Bafisontamab,EGFR_ERBB1_HER1,Bafisontamab_EGFR_ERBB1_HER1_fixed.pdb,MET_HGFR,Bafisontamab_MET_HGFR_fixed.pdb,2
Bavunalimab,CTLA4_CD152,Bavunalimab_CTLA4_CD152_fixed.pdb,LAG3_CD223,Bavunalimab_LAG3_CD223_fixed.pdb,2
Besufetamig,CD3E,Besufetamig_CD3E_fixed.pdb,PDCD1_CD279_PD1,Besufetamig_PDCD1_CD279_PD1_fixed.pdb,2
Bexatamig,IL3RA_CD123,Bexatamig_IL3RA_CD123_fixed.pdb,NCR1_NKP46_NKp46_LY94_CD335,Bexatamig_NCR1_NKP46_NKp46_LY94_CD335_fixed.pdb,2
Blinatumomab,CD19,Blinatumomab_CD19_fixed.pdb,CD3E,Blinatumomab_CD3E_fixed.pdb,2
Cabotamig,CD3E,Cabotamig_CD3E_fixed.pdb,CDH17,Cabotamig_CDH17_fixed.pdb,2
Cadonilimab,CTLA4_CD152,Cadonilimab_CTLA4_CD152_fixed.pdb,PDCD1_CD279_PD1,Cadonilimab_PDCD1_CD279_PD1_fixed.pdb,2
Cevostamab,CD3,Cevostamab_CD3_fixed.pdb,FCRL5_CD307,Cevostamab_FCRL5_CD307_fixed.pdb,2
Cibisatamab,CD3E,Cibisatamab_CD3E_fixed.pdb,CEACAM5_CD66eandCD3E,Cibisatamab_CEACAM5_CD66eandCD3E_fixed.pdb,2
Ciduvectamig,CD3E,Ciduvectamig_CD3E_fixed.pdb,TMEFF2,Ciduvectamig_TMEFF2_fixed.pdb,2
Cizutamig,CD3E,Cizutamig_CD3E_fixed.pdb,TNFRSF17_CD269_BCMA_TNFRSF13A,Cizutamig_TNFRSF17_CD269_BCMA_TNFRSF13A_fixed.pdb,2
Clesitamig,CD3&TNFRSF9_CD137_4-1BB,Clesitamig_CD3&TNFRSF9_CD137_4-1BB_fixed.pdb,DLL3,Clesitamig_DLL3_fixed.pdb,2
Cugrastomig,LAG3_CD223,Cugrastomig_LAG3_CD223_fixed.pdb,PDCD1_CD279_PD1,Cugrastomig_PDCD1_CD279_PD1_fixed.pdb,2
Danvilostomig,CTLA4_CD152,Danvilostomig_CTLA4_CD152_fixed.pdb,PDCD1_CD279_PD1,Danvilostomig_PDCD1_CD279_PD1_fixed.pdb,2
Davutamig_MET_HGFR,,Davutamig_MET_HGFR_fixed.pdb,,,1
Denecimig,F10,Denecimig_F10_fixed.pdb,F9,Denecimig_F9_fixed.pdb,2
Dilpacimab,DLL4,Dilpacimab_DLL4_fixed.pdb,VEGFA,Dilpacimab_VEGFA_fixed.pdb,2
Donzakimig1,ALB,Donzakimig1_ALB_fixed.pdb,IL22,Donzakimig1_IL22_fixed.pdb,2
Duvortuxizumab,CD19,Duvortuxizumab_CD19_fixed.pdb,CD3E,Duvortuxizumab_CD3E_fixed.pdb,2
Elranatamab,CD3E,Elranatamab_CD3E_fixed.pdb,TNFRSF17_CD269_BCMA_TNFRSF13A,Elranatamab_TNFRSF17_CD269_BCMA_TNFRSF13A_fixed.pdb,2
Eluvixtamab,CD3E,Eluvixtamab_CD3E_fixed.pdb,SIGLEC3_CD33_p67,Eluvixtamab_SIGLEC3_CD33_p67_fixed.pdb,2
Emerfetamab,CD3E,Emerfetamab_CD3E_fixed.pdb,SIGLEC3_CD33_p67,Emerfetamab_SIGLEC3_CD33_p67_fixed.pdb,2
Emfizatamab1,CD19,Emfizatamab1_CD19_fixed.pdb,CD3E,Emfizatamab1_CD3E_fixed.pdb,2
Emfizatamab2,PDL1_CD274,Emfizatamab2_PDL1_CD274_fixed.pdb,TNFRSF9_CD137_4-1BB,Emfizatamab2_TNFRSF9_CD137_4-1BB_fixed.pdb,2
Emicizumab,F10,Emicizumab_F10_fixed.pdb,F9,Emicizumab_F9_fixed.pdb,2
Emirodatamab,CD3E,Emirodatamab_CD3E_fixed.pdb,FLT3_CD135_FLK2,Emirodatamab_FLT3_CD135_FLK2_fixed.pdb,2
Epcoritamab,CD3E,Epcoritamab_CD3E_fixed.pdb,MS4A1_CD20,Epcoritamab_MS4A1_CD20_fixed.pdb,2
Etentamig,CD3E,Etentamig_CD3E_fixed.pdb,TNFRSF17_CD269_BCMA_TNFRSF13A,Etentamig_TNFRSF17_CD269_BCMA_TNFRSF13A_fixed.pdb,2
Etevritamab,CD3E,Etevritamab_CD3E_fixed.pdb,EGFR_ERBB1_HER1,Etevritamab_EGFR_ERBB1_HER1_fixed.pdb,2
Etuptamig,CD3E,Etuptamig_CD3E_fixed.pdb,NCR3LG1_B7-H6,Etuptamig_NCR3LG1_B7-H6_fixed.pdb,2
Fanastomig,LAG3_CD223,Fanastomig_LAG3_CD223_fixed.pdb,PDCD1_CD279_PD1,Fanastomig_PDCD1_CD279_PD1_fixed.pdb,2
Faricimab,ANGPT2,Faricimab_ANGPT2_fixed.pdb,VEGFA,Faricimab_VEGFA_fixed.pdb,2
Fazpilodemab,FGFR1_CD331_BFGFR,Fazpilodemab_FGFR1_CD331_BFGFR_fixed.pdb,KLB,Fazpilodemab_KLB_fixed.pdb,2
Fidasimtamab,ERBB2_CD340_HER2,Fidasimtamab_ERBB2_CD340_HER2_fixed.pdb,PDCD1_CD279_PD1,Fidasimtamab_PDCD1_CD279_PD1_fixed.pdb,2
Flotetuzumab,CD3E,Flotetuzumab_CD3E_fixed.pdb,IL3RA_CD123,Flotetuzumab_IL3RA_CD123_fixed.pdb,2
Forimtamig,CD3E,Forimtamig_CD3E_fixed.pdb,GPRC5D,Forimtamig_GPRC5D_fixed.pdb,2
Galvokimig1,ALB,Galvokimig1_ALB_fixed.pdb,IL17AandIL17F,Galvokimig1_IL17AandIL17F_fixed.pdb,2
Givastomig,CLDN18,Givastomig_CLDN18_fixed.pdb,TNFRSF9_CD137_4-1BB,Givastomig_TNFRSF9_CD137_4-1BB_fixed.pdb,2
Glofitamab,CD3E,Glofitamab_CD3E_fixed.pdb,MS4A1_CD20,Glofitamab_MS4A1_CD20_fixed.pdb,2
Gremubamab,PcrVtypeIIIsecretionsystem,Gremubamab_PcrVtypeIIIsecretionsystem_fixed.pdb,Polysaccharidesynthesislocus(Pseudomonas),Gremubamab_Polysaccharidesynthesislocus(Pseudomonas)_fixed.pdb,2
Gresonitamab,CD3E,Gresonitamab_CD3E_fixed.pdb,CLDN18,Gresonitamab_CLDN18_fixed.pdb,2
Imvotamab,CD3E,Imvotamab_CD3E_fixed.pdb,MS4A1_CD20,Imvotamab_MS4A1_CD20_fixed.pdb,2
Inezetamab,CD40,Inezetamab_CD40_fixed.pdb,MSLN,Inezetamab_MSLN_fixed.pdb,2
Ingitamig,KLRK1_NKG2D_CD314,Ingitamig_KLRK1_NKG2D_CD314_fixed.pdb,TNFRSF17_CD269_BCMA_TNFRSF13A,Ingitamig_TNFRSF17_CD269_BCMA_TNFRSF13A_fixed.pdb,2
Istiratumab,ERBB3_HER3,Istiratumab_ERBB3_HER3_fixed.pdb,IGF1R_CD221,Istiratumab_IGF1R_CD221_fixed.pdb,2
Itanistomig,IAP_CD47,Itanistomig_IAP_CD47_fixed.pdb,PDL1_CD274,Itanistomig_PDL1_CD274_fixed.pdb,2
Ivicentamab_CD37,,Ivicentamab_CD37_fixed.pdb,,,1
Ivonescimab,PDCD1_CD279_PD1,Ivonescimab_PDCD1_CD279_PD1_fixed.pdb,VEGFA,Ivonescimab_VEGFA_fixed.pdb,2
Izalontamab,EGFR_ERBB1_HER1,Izalontamab_EGFR_ERBB1_HER1_fixed.pdb,ERBB3_HER3,Izalontamab_ERBB3_HER3_fixed.pdb,2
Izuralimab,ICOS_CD278,Izuralimab_ICOS_CD278_fixed.pdb,PDCD1_CD279_PD1,Izuralimab_PDCD1_CD279_PD1_fixed.pdb,2
Ledostomig,NT5E_CALJA_CD73,Ledostomig_NT5E_CALJA_CD73_fixed.pdb,PDCD1_CD279_PD1,Ledostomig_PDCD1_CD279_PD1_fixed.pdb,2
Linclatamig,CD3E,Linclatamig_CD3E_fixed.pdb,LY6G6D_G6D_NG25_LY6-D_MEGT1_C6orf23,Linclatamig_LY6G6D_G6D_NG25_LY6-D_MEGT1_C6orf23_fixed.pdb,2
Linvoseltamab,CD3E,Linvoseltamab_CD3E_fixed.pdb,TNFRSF17_CD269_BCMA_TNFRSF13A,Linvoseltamab_TNFRSF17_CD269_BCMA_TNFRSF13A_fixed.pdb,2
Lomvastomig,HAVCR2_TIM3,Lomvastomig_HAVCR2_TIM3_fixed.pdb,PDCD1_CD279_PD1,Lomvastomig_PDCD1_CD279_PD1_fixed.pdb,2
Lorigerlimab,CTLA4_CD152,Lorigerlimab_CTLA4_CD152_fixed.pdb,PDCD1_CD279_PD1,Lorigerlimab_PDCD1_CD279_PD1_fixed.pdb,2
Lutikizumab,IL1A,Lutikizumab_IL1A_fixed.pdb,IL1B,Lutikizumab_IL1B_fixed.pdb,2
Marlotamig,CD28,Marlotamig_CD28_fixed.pdb,EGFR_ERBB1_HER1,Marlotamig_EGFR_ERBB1_HER1_fixed.pdb,2
Mipletamig,CD3E,Mipletamig_CD3E_fixed.pdb,IL3RA_CD123,Mipletamig_IL3RA_CD123_fixed.pdb,2
Mosunetuzumab,CD3E,Mosunetuzumab_CD3E_fixed.pdb,MS4A1_CD20,Mosunetuzumab_MS4A1_CD20_fixed.pdb,2
Navicixizumab,DLL4,Navicixizumab_DLL4_fixed.pdb,VEGFA,Navicixizumab_VEGFA_fixed.pdb,2
Nebratamig1,PDL1_CD274,Nebratamig1_PDL1_CD274_fixed.pdb,TNFRSF9_CD137_4-1BB,Nebratamig1_TNFRSF9_CD137_4-1BB_fixed.pdb,2
Nebratamig2,CD3DandCD3E,Nebratamig2_CD3DandCD3E_fixed.pdb,ROR1,Nebratamig2_ROR1_fixed.pdb,2
Nesfrotamig,ERBB2_CD340_HER2,Nesfrotamig_ERBB2_CD340_HER2_fixed.pdb,TNFRSF9_CD137_4-1BB,Nesfrotamig_TNFRSF9_CD137_4-1BB_fixed.pdb,2
Nezastomig,CD28,Nezastomig_CD28_fixed.pdb,FOLH1_GCPII_PSMA,Nezastomig_FOLH1_GCPII_PSMA_fixed.pdb,2
Nivatrotamab,CD3E,Nivatrotamab_CD3E_fixed.pdb,GD2,Nivatrotamab_GD2_fixed.pdb,2
Obertamig,CD3E,Obertamig_CD3E_fixed.pdb,HLA-G,Obertamig_HLA-G_fixed.pdb,2
Obrindatamab,B7H3_CD276,Obrindatamab_B7H3_CD276_fixed.pdb,CD3E,Obrindatamab_CD3E_fixed.pdb,2
Obrixtamig,CD3E,Obrixtamig_CD3E_fixed.pdb,DLL3,Obrixtamig_DLL3_fixed.pdb,2
Odronextamab,CD3E,Odronextamab_CD3E_fixed.pdb,MS4A1_CD20,Odronextamab_MS4A1_CD20_fixed.pdb,2
Ompekimig1,IL13,Ompekimig1_IL13_fixed.pdb,IL4,Ompekimig1_IL4_fixed.pdb,2
Opamistomig,PDL1_CD274,Opamistomig_PDL1_CD274_fixed.pdb,TNFRSF9_CD137_4-1BB,Opamistomig_TNFRSF9_CD137_4-1BB_fixed.pdb,2
Opugotamig_FOLR1,,Opugotamig_FOLR1_fixed.pdb,,,1
Pacanalotamab,CD3E,Pacanalotamab_CD3E_fixed.pdb,TNFRSF17_CD269_BCMA_TNFRSF13A,Pacanalotamab_TNFRSF17_CD269_BCMA_TNFRSF13A_fixed.pdb,2
Pamvatamig,EGFR_ERBB1_HER1,Pamvatamig_EGFR_ERBB1_HER1_fixed.pdb,MET_HGFR,Pamvatamig_MET_HGFR_fixed.pdb,2
Pasotuxizumab,CD3E,Pasotuxizumab_CD3E_fixed.pdb,FOLH1_GCPII_PSMA,Pasotuxizumab_FOLH1_GCPII_PSMA_fixed.pdb,2
Pasritamig,CD3E,Pasritamig_CD3E_fixed.pdb,KLK2_KLK2A2_hGK-1_hK2,Pasritamig_KLK2_KLK2A2_hGK-1_hK2_fixed.pdb,2
Pavurutamab,CD3E,Pavurutamab_CD3E_fixed.pdb,TNFRSF17_CD269_BCMA_TNFRSF13A,Pavurutamab_TNFRSF17_CD269_BCMA_TNFRSF13A_fixed.pdb,2
Peluntamig,DLL3,Peluntamig_DLL3_fixed.pdb,IAP_CD47,Peluntamig_IAP_CD47_fixed.pdb,2
Petosemtamab,EGFR_ERBB1_HER1,Petosemtamab_EGFR_ERBB1_HER1_fixed.pdb,LGR5,Petosemtamab_LGR5_fixed.pdb,2
Plamotamab,CD3E,Plamotamab_CD3E_fixed.pdb,MS4A1_CD20,Plamotamab_MS4A1_CD20_fixed.pdb,2
Ragistomig,PDL1_CD274,Ragistomig_PDL1_CD274_fixed.pdb,TNFRSF9_CD137_4-1BB,Ragistomig_TNFRSF9_CD137_4-1BB_fixed.pdb,2
Ramantamig1,CD3E,Ramantamig1_CD3E_fixed.pdb,GPRC5D,Ramantamig1_GPRC5D_fixed.pdb,2
Remtolumab,IL17A,Remtolumab_IL17A_fixed.pdb,TNF_TNFA,Remtolumab_TNF_TNFA_fixed.pdb,2
Reozalimab,PDCD1_CD279_PD1,Reozalimab_PDCD1_CD279_PD1_fixed.pdb,PDL1_CD274,Reozalimab_PDL1_CD274_fixed.pdb,2
Rezetamig,CD3,Rezetamig_CD3_fixed.pdb,SIGLEC2_CD22,Rezetamig_SIGLEC2_CD22_fixed.pdb,2
Rilvegostomig,PDCD1_CD279_PD1,Rilvegostomig_PDCD1_CD279_PD1_fixed.pdb,TIGIT_WUCAM_VSTM3,Rilvegostomig_TIGIT_WUCAM_VSTM3_fixed.pdb,2
Romilkimab,IL13,Romilkimab_IL13_fixed.pdb,IL4,Romilkimab_IL4_fixed.pdb,2
Runimotamab,CD3E,Runimotamab_CD3E_fixed.pdb,ERBB2_CD340_HER2,Runimotamab_ERBB2_CD340_HER2_fixed.pdb,2
Sabestomig,HAVCR2_TIM3,Sabestomig_HAVCR2_TIM3_fixed.pdb,PDCD1_CD279_PD1,Sabestomig_PDCD1_CD279_PD1_fixed.pdb,2
Safimestomig,IAP_CD47,Safimestomig_IAP_CD47_fixed.pdb,PDL1_CD274,Safimestomig_PDL1_CD274_fixed.pdb,2
Silevimig,RabiesLyssavirusGlycoproteinGepitopeI,Silevimig_RabiesLyssavirusGlycoproteinGepitopeI_fixed.pdb,RabiesLyssavirusGlycoproteinGepitopeIII,Silevimig_RabiesLyssavirusGlycoproteinGepitopeIII_fixed.pdb,2
Solitomab,CD3E,Solitomab_CD3E_fixed.pdb,EPCAM_CD326,Solitomab_EPCAM_CD326_fixed.pdb,2
Spevatamig,CLDN18,Spevatamig_CLDN18_fixed.pdb,IAP_CD47,Spevatamig_IAP_CD47_fixed.pdb,2
Sutacimig,F7a_F7A_FVIIa_FVIIA,Sutacimig_F7a_F7A_FVIIa_FVIIA_fixed.pdb,TREML1_GLTL1825_PRO3438_TLT-1_TLT1,Sutacimig_TREML1_GLTL1825_PRO3438_TLT-1_TLT1_fixed.pdb,2
Talquetamab,CD3E,Talquetamab_CD3E_fixed.pdb,GPRC5D,Talquetamab_GPRC5D_fixed.pdb,2
Tarlatamab,CD3E,Tarlatamab_CD3E_fixed.pdb,DLL3,Tarlatamab_DLL3_fixed.pdb,2
Tebotelimab,LAG3_CD223,Tebotelimab_LAG3_CD223_fixed.pdb,PDCD1_CD279_PD1,Tebotelimab_PDCD1_CD279_PD1_fixed.pdb,2
Tecaginlimab,CD40,Tecaginlimab_CD40_fixed.pdb,TNFRSF9_CD137_4-1BB,Tecaginlimab_TNFRSF9_CD137_4-1BB_fixed.pdb,2
Teclistamab,CD3E,Teclistamab_CD3E_fixed.pdb,TNFRSF17_CD269_BCMA_TNFRSF13A,Teclistamab_TNFRSF17_CD269_BCMA_TNFRSF13A_fixed.pdb,2
Tepoditamab,CD3E,Tepoditamab_CD3E_fixed.pdb,CLEC12A,Tepoditamab_CLEC12A_fixed.pdb,2
Tibulizumab,IL17A,Tibulizumab_IL17A_fixed.pdb,TNFSF13B_CD257_BAFF,Tibulizumab_TNFSF13B_CD257_BAFF_fixed.pdb,2
Tidutamab,CD3E,Tidutamab_CD3E_fixed.pdb,SSTR2,Tidutamab_SSTR2_fixed.pdb,2
Tilatamig,EGFR_ERBB1_HER1,Tilatamig_EGFR_ERBB1_HER1_fixed.pdb,MET_HGFR,Tilatamig_MET_HGFR_fixed.pdb,2
Tilrekimig1,IL13,Tilrekimig1_IL13_fixed.pdb,IL4,Tilrekimig1_IL4_fixed.pdb,2
Tobemstomig,LAG3_CD223,Tobemstomig_LAG3_CD223_fixed.pdb,PDCD1_CD279_PD1,Tobemstomig_PDCD1_CD279_PD1_fixed.pdb,2
Tovecimig_VEGFA,,Tovecimig_VEGFA_fixed.pdb,,,1
Trevotamig,CD3E,Trevotamig_CD3E_fixed.pdb,EPCAM_CD326,Trevotamig_EPCAM_CD326_fixed.pdb,2
Trontinemab,APPAbeta1-40_42,Trontinemab_APPAbeta1-40_42_fixed.pdb,TFRC_CD71,Trontinemab_TFRC_CD71_fixed.pdb,2
Ubamatamab,CD3E,Ubamatamab_CD3E_fixed.pdb,MUC16_CA125,Ubamatamab_MUC16_CA125_fixed.pdb,2
Ubletamig,CD28,Ubletamig_CD28_fixed.pdb,MUC16_CA125,Ubletamig_MUC16_CA125_fixed.pdb,2
Umizortamig1,CD3E,Umizortamig1_CD3E_fixed.pdb,EGFRvIII,Umizortamig1_EGFRvIII_fixed.pdb,2
Umizortamig2,PDL1_CD274,Umizortamig2_PDL1_CD274_fixed.pdb,TNFRSF9_CD137_4-1BB,Umizortamig2_TNFRSF9_CD137_4-1BB_fixed.pdb,2
Vanucizumab,ANGPT2,Vanucizumab_ANGPT2_fixed.pdb,VEGFA,Vanucizumab_VEGFA_fixed.pdb,2
Velaprumig,ALB,Velaprumig_ALB_fixed.pdb,CD40LG_CD154,Velaprumig_CD40LG_CD154_fixed.pdb,2
Velinotamig,CD3E,Velinotamig_CD3E_fixed.pdb,TNFRSF17_CD269_BCMA_TNFRSF13A,Velinotamig_TNFRSF17_CD269_BCMA_TNFRSF13A_fixed.pdb,2
Vepsitamab,CD3E,Vepsitamab_CD3E_fixed.pdb,MUC17,Vepsitamab_MUC17_fixed.pdb,2
Vibecotamab,CD3E,Vibecotamab_CD3E_fixed.pdb,IL3RA_CD123,Vibecotamab_IL3RA_CD123_fixed.pdb,2
Vixtimotamab,CD3E,Vixtimotamab_CD3E_fixed.pdb,SIGLEC3_CD33_p67,Vixtimotamab_SIGLEC3_CD33_p67_fixed.pdb,2
Volrustomig,CTLA4_CD152,Volrustomig_CTLA4_CD152_fixed.pdb,PDCD1_CD279_PD1,Volrustomig_PDCD1_CD279_PD1_fixed.pdb,2
Vonsetamig,CD3E,Vonsetamig_CD3E_fixed.pdb,TNFRSF17_CD269_BCMA_TNFRSF13A,Vonsetamig_TNFRSF17_CD269_BCMA_TNFRSF13A_fixed.pdb,2
Voxalatamab,CD3E,Voxalatamab_CD3E_fixed.pdb,FOLH1_GCPII_PSMA,Voxalatamab_FOLH1_GCPII_PSMA_fixed.pdb,2
Vudalimab,CTLA4_CD152,Vudalimab_CTLA4_CD152_fixed.pdb,PDCD1_CD279_PD1,Vudalimab_PDCD1_CD279_PD1_fixed.pdb,2
Xaluritamig,CD3,Xaluritamig_CD3_fixed.pdb,STEAP1,Xaluritamig_STEAP1_fixed.pdb,2
Xirestomig,PDL1_CD274,Xirestomig_PDL1_CD274_fixed.pdb,TNFRSF9_CD137_4-1BB,Xirestomig_TNFRSF9_CD137_4-1BB_fixed.pdb,2
Zanidatamab_ERBB2_CD340_HER2,,Zanidatamab_ERBB2_CD340_HER2_fixed.pdb,,,1
Zemocimig,F10,Zemocimig_F10_fixed.pdb,F9a,Zemocimig_F9a_fixed.pdb,2
Zenocutuzumab,ERBB2_CD340_HER2,Zenocutuzumab_ERBB2_CD340_HER2_fixed.pdb,ERBB3_HER3,Zenocutuzumab_ERBB3_HER3_fixed.pdb,2
Zeripatamig,CD19,Zeripatamig_CD19_fixed.pdb,IAP_CD47,Zeripatamig_IAP_CD47_fixed.pdb,2
Zifibancimig,ANPT2,Zifibancimig_ANPT2_fixed.pdb,VEGFA,Zifibancimig_VEGFA_fixed.pdb,2
Zubotamig,CD3E,Zubotamig_CD3E_fixed.pdb,VTCN1_B7H4,Zubotamig_VTCN1_B7H4_fixed.pdb,2
